source name	characteristics[organism]	characteristics[organism part]	characteristics[cell type]	characteristics[disease]	characteristics[material type]	characteristics[developmental stage]	characteristics[age]	characteristics[sex]	characteristics[ancestry category]	characteristics[individual]	characteristics[depletion]	characteristics[biological replicate]	assay name	technology type	comment[instrument]	comment[label]	comment[cleavage agent details]	comment[modification parameters]	comment[modification parameters]	comment[modification parameters]	comment[reduction reagent]	comment[alkylation reagent]	comment[proteomics data acquisition method]	comment[dissociation method]	comment[collision energy]	comment[precursor mass tolerance]	comment[fragment mass tolerance]	comment[ms2 mass analyzer]	comment[ms1 scan range]	comment[fractionation method]	comment[acquisition date]	comment[fraction identifier]	comment[technical replicate]	comment[data file]	comment[sdrf version]	comment[sdrf template]	comment[sdrf template]	comment[sdrf annotation tool]
Prot-Fib-1	Homo sapiens	not available	fibroblast	normal	cell	not available	not available	not available	not available	not available	no depletion	1	20130517_EXQ3_MiBa_SA_Fib_1_scx1	proteomic profiling by mass spectrometry	NT=Q Exactive;AC=MS:1001911	label free sample	NT=Trypsin/P;AC=MS:1001313	NT=Carbamidomethyl;AC=UNIMOD:4;TA=C;MT=Fixed	NT=Acetyl;AC=UNIMOD:1;PP=Protein N-term;MT=Variable	NT=Oxidation;AC=UNIMOD:35;TA=M;MT=Variable	not available	not available	NT=Data-dependent acquisition;AC=PRIDE:0000627	NT=HCD;AC=MS:1000422	25 NCE	4.5 ppm	20 ppm	NT=orbitrap;AC=MS:1000484	300m/z-1750m/z	NT=Strong cation-exchange chromatography (SCX);AC=PRIDE:0000561	2013-05-17	1	1	20130517_EXQ3_MiBa_SA_Fib_1_scx1.raw	v1.1.0	NT=ms-proteomics;VV=v1.1.0	NT=human;VV=v1.1.0	NT=sdrf-skills;VV=v0.2.0
Prot-Fib-1	Homo sapiens	not available	fibroblast	normal	cell	not available	not available	not available	not available	not available	no depletion	1	20130517_EXQ3_MiBa_SA_Fib_1_scx2	proteomic profiling by mass spectrometry	NT=Q Exactive;AC=MS:1001911	label free sample	NT=Trypsin/P;AC=MS:1001313	NT=Carbamidomethyl;AC=UNIMOD:4;TA=C;MT=Fixed	NT=Acetyl;AC=UNIMOD:1;PP=Protein N-term;MT=Variable	NT=Oxidation;AC=UNIMOD:35;TA=M;MT=Variable	not available	not available	NT=Data-dependent acquisition;AC=PRIDE:0000627	NT=HCD;AC=MS:1000422	25 NCE	4.5 ppm	20 ppm	NT=orbitrap;AC=MS:1000484	300m/z-1750m/z	NT=Strong cation-exchange chromatography (SCX);AC=PRIDE:0000561	2013-05-18	2	1	20130517_EXQ3_MiBa_SA_Fib_1_scx2.raw	v1.1.0	NT=ms-proteomics;VV=v1.1.0	NT=human;VV=v1.1.0	NT=sdrf-skills;VV=v0.2.0
Prot-Fib-1	Homo sapiens	not available	fibroblast	normal	cell	not available	not available	not available	not available	not available	no depletion	1	20130517_EXQ3_MiBa_SA_Fib_1_scx3	proteomic profiling by mass spectrometry	NT=Q Exactive;AC=MS:1001911	label free sample	NT=Trypsin/P;AC=MS:1001313	NT=Carbamidomethyl;AC=UNIMOD:4;TA=C;MT=Fixed	NT=Acetyl;AC=UNIMOD:1;PP=Protein N-term;MT=Variable	NT=Oxidation;AC=UNIMOD:35;TA=M;MT=Variable	not available	not available	NT=Data-dependent acquisition;AC=PRIDE:0000627	NT=HCD;AC=MS:1000422	25 NCE	4.5 ppm	20 ppm	NT=orbitrap;AC=MS:1000484	300m/z-1750m/z	NT=Strong cation-exchange chromatography (SCX);AC=PRIDE:0000561	2013-05-18	3	1	20130517_EXQ3_MiBa_SA_Fib_1_scx3.raw	v1.1.0	NT=ms-proteomics;VV=v1.1.0	NT=human;VV=v1.1.0	NT=sdrf-skills;VV=v0.2.0
Prot-Fib-2	Homo sapiens	not available	fibroblast	normal	cell	not available	not available	not available	not available	not available	no depletion	2	20130520_EXQ3_MiBa_SA_Fib_2_scx1	proteomic profiling by mass spectrometry	NT=Q Exactive;AC=MS:1001911	label free sample	NT=Trypsin/P;AC=MS:1001313	NT=Carbamidomethyl;AC=UNIMOD:4;TA=C;MT=Fixed	NT=Acetyl;AC=UNIMOD:1;PP=Protein N-term;MT=Variable	NT=Oxidation;AC=UNIMOD:35;TA=M;MT=Variable	not available	not available	NT=Data-dependent acquisition;AC=PRIDE:0000627	NT=HCD;AC=MS:1000422	25 NCE	4.5 ppm	20 ppm	NT=orbitrap;AC=MS:1000484	300m/z-1750m/z	NT=Strong cation-exchange chromatography (SCX);AC=PRIDE:0000561	2013-05-20	1	1	20130520_EXQ3_MiBa_SA_Fib_2_scx1.raw	v1.1.0	NT=ms-proteomics;VV=v1.1.0	NT=human;VV=v1.1.0	NT=sdrf-skills;VV=v0.2.0
Prot-Fib-2	Homo sapiens	not available	fibroblast	normal	cell	not available	not available	not available	not available	not available	no depletion	2	20130520_EXQ3_MiBa_SA_Fib_2_scx2	proteomic profiling by mass spectrometry	NT=Q Exactive;AC=MS:1001911	label free sample	NT=Trypsin/P;AC=MS:1001313	NT=Carbamidomethyl;AC=UNIMOD:4;TA=C;MT=Fixed	NT=Acetyl;AC=UNIMOD:1;PP=Protein N-term;MT=Variable	NT=Oxidation;AC=UNIMOD:35;TA=M;MT=Variable	not available	not available	NT=Data-dependent acquisition;AC=PRIDE:0000627	NT=HCD;AC=MS:1000422	25 NCE	4.5 ppm	20 ppm	NT=orbitrap;AC=MS:1000484	300m/z-1750m/z	NT=Strong cation-exchange chromatography (SCX);AC=PRIDE:0000561	2013-05-20	2	1	20130520_EXQ3_MiBa_SA_Fib_2_scx2.raw	v1.1.0	NT=ms-proteomics;VV=v1.1.0	NT=human;VV=v1.1.0	NT=sdrf-skills;VV=v0.2.0
Prot-Fib-2	Homo sapiens	not available	fibroblast	normal	cell	not available	not available	not available	not available	not available	no depletion	2	20130520_EXQ3_MiBa_SA_Fib_2_scx3	proteomic profiling by mass spectrometry	NT=Q Exactive;AC=MS:1001911	label free sample	NT=Trypsin/P;AC=MS:1001313	NT=Carbamidomethyl;AC=UNIMOD:4;TA=C;MT=Fixed	NT=Acetyl;AC=UNIMOD:1;PP=Protein N-term;MT=Variable	NT=Oxidation;AC=UNIMOD:35;TA=M;MT=Variable	not available	not available	NT=Data-dependent acquisition;AC=PRIDE:0000627	NT=HCD;AC=MS:1000422	25 NCE	4.5 ppm	20 ppm	NT=orbitrap;AC=MS:1000484	300m/z-1750m/z	NT=Strong cation-exchange chromatography (SCX);AC=PRIDE:0000561	2013-05-20	3	1	20130520_EXQ3_MiBa_SA_Fib_2_scx3.raw	v1.1.0	NT=ms-proteomics;VV=v1.1.0	NT=human;VV=v1.1.0	NT=sdrf-skills;VV=v0.2.0
Prot-Fib-3	Homo sapiens	not available	fibroblast	normal	cell	not available	not available	not available	not available	not available	no depletion	3	20130522_EXQ3_MiBa_SA_Fib_3_scx1	proteomic profiling by mass spectrometry	NT=Q Exactive;AC=MS:1001911	label free sample	NT=Trypsin/P;AC=MS:1001313	NT=Carbamidomethyl;AC=UNIMOD:4;TA=C;MT=Fixed	NT=Acetyl;AC=UNIMOD:1;PP=Protein N-term;MT=Variable	NT=Oxidation;AC=UNIMOD:35;TA=M;MT=Variable	not available	not available	NT=Data-dependent acquisition;AC=PRIDE:0000627	NT=HCD;AC=MS:1000422	25 NCE	4.5 ppm	20 ppm	NT=orbitrap;AC=MS:1000484	300m/z-1750m/z	NT=Strong cation-exchange chromatography (SCX);AC=PRIDE:0000561	2013-05-23	1	1	20130522_EXQ3_MiBa_SA_Fib_3_scx1.raw	v1.1.0	NT=ms-proteomics;VV=v1.1.0	NT=human;VV=v1.1.0	NT=sdrf-skills;VV=v0.2.0
Prot-Fib-3	Homo sapiens	not available	fibroblast	normal	cell	not available	not available	not available	not available	not available	no depletion	3	20130522_EXQ3_MiBa_SA_Fib_3_scx2	proteomic profiling by mass spectrometry	NT=Q Exactive;AC=MS:1001911	label free sample	NT=Trypsin/P;AC=MS:1001313	NT=Carbamidomethyl;AC=UNIMOD:4;TA=C;MT=Fixed	NT=Acetyl;AC=UNIMOD:1;PP=Protein N-term;MT=Variable	NT=Oxidation;AC=UNIMOD:35;TA=M;MT=Variable	not available	not available	NT=Data-dependent acquisition;AC=PRIDE:0000627	NT=HCD;AC=MS:1000422	25 NCE	4.5 ppm	20 ppm	NT=orbitrap;AC=MS:1000484	300m/z-1750m/z	NT=Strong cation-exchange chromatography (SCX);AC=PRIDE:0000561	2013-05-23	2	1	20130522_EXQ3_MiBa_SA_Fib_3_scx2.raw	v1.1.0	NT=ms-proteomics;VV=v1.1.0	NT=human;VV=v1.1.0	NT=sdrf-skills;VV=v0.2.0
Prot-Fib-3	Homo sapiens	not available	fibroblast	normal	cell	not available	not available	not available	not available	not available	no depletion	3	20130522_EXQ3_MiBa_SA_Fib_3_scx3	proteomic profiling by mass spectrometry	NT=Q Exactive;AC=MS:1001911	label free sample	NT=Trypsin/P;AC=MS:1001313	NT=Carbamidomethyl;AC=UNIMOD:4;TA=C;MT=Fixed	NT=Acetyl;AC=UNIMOD:1;PP=Protein N-term;MT=Variable	NT=Oxidation;AC=UNIMOD:35;TA=M;MT=Variable	not available	not available	NT=Data-dependent acquisition;AC=PRIDE:0000627	NT=HCD;AC=MS:1000422	25 NCE	4.5 ppm	20 ppm	NT=orbitrap;AC=MS:1000484	300m/z-1750m/z	NT=Strong cation-exchange chromatography (SCX);AC=PRIDE:0000561	2013-05-23	3	1	20130522_EXQ3_MiBa_SA_Fib_3_scx3.raw	v1.1.0	NT=ms-proteomics;VV=v1.1.0	NT=human;VV=v1.1.0	NT=sdrf-skills;VV=v0.2.0
