source name	characteristics[organism]	characteristics[organism part]	characteristics[cell type]	characteristics[disease]	characteristics[material type]	characteristics[cell line]	characteristics[cellosaurus accession]	characteristics[cellosaurus name]	characteristics[sampling site]	characteristics[culture medium]	characteristics[developmental stage]	characteristics[age]	characteristics[sex]	characteristics[ancestry category]	characteristics[individual]	characteristics[mhc protein complex]	characteristics[immunopeptidome enrichment method]	characteristics[mhc typing]	characteristics[mhc typing method]	characteristics[antibody enrichment]	characteristics[depletion]	characteristics[biological replicate]	assay name	technology type	comment[instrument]	comment[label]	comment[cleavage agent details]	comment[modification parameters]	comment[modification parameters]	comment[reduction reagent]	comment[alkylation reagent]	comment[proteomics data acquisition method]	comment[dissociation method]	comment[collision energy]	comment[precursor mass tolerance]	comment[fragment mass tolerance]	comment[ms2 mass analyzer]	comment[ms1 scan range]	comment[fractionation method]	comment[acquisition date]	comment[fraction identifier]	comment[technical replicate]	comment[data file]	comment[sdrf version]	comment[sdrf template]	comment[sdrf template]	comment[sdrf template]	comment[sdrf template]	comment[sdrf annotation tool]	factor value[cell line]
HLAp-HCC1143-1	Homo sapiens	breast	epithelial cell	breast ductal carcinoma	cell line	HCC1143	CVCL_1245	HCC1143	breast	Roswell Park Memorial Institute 1640 Medium	adult	52Y	female	European ancestry	not available	MHC class I protein complex	immunoaffinity purification (iodoacetamide)	HLA-A*31:01;HLA-B*35:08;HLA-B*37:01;HLA-C*04:01;HLA-C*06:02	not available	W6/32	no depletion	1	20120321_EXQ1_MiBa_SA_HCC1143_1	proteomic profiling by mass spectrometry	NT=Q Exactive;AC=MS:1001911	label free sample	NT=unspecific cleavage;AC=MS:1001956	NT=Acetyl;AC=UNIMOD:1;PP=Protein N-term;MT=Variable	NT=Oxidation;AC=UNIMOD:35;TA=M;MT=Variable	not applicable	not applicable	NT=Data-dependent acquisition;AC=PRIDE:0000627	NT=HCD;AC=MS:1000422	25 NCE	6 ppm	20 ppm	NT=orbitrap;AC=MS:1000484	300m/z-1650m/z	not applicable	2013-03-21	1	1	20120321_EXQ1_MiBa_SA_HCC1143_1.raw	v1.1.0	NT=ms-proteomics;VV=v1.1.0	NT=human;VV=v1.1.0	NT=cell-lines;VV=v1.1.0	NT=immunopeptidomics;VV=v1.0.0	NT=sdrf-skills;VV=v0.2.0	HCC1143
HLAp-HCC1143-2	Homo sapiens	breast	epithelial cell	breast ductal carcinoma	cell line	HCC1143	CVCL_1245	HCC1143	breast	Roswell Park Memorial Institute 1640 Medium	adult	52Y	female	European ancestry	not available	MHC class I protein complex	immunoaffinity purification (iodoacetamide)	HLA-A*31:01;HLA-B*35:08;HLA-B*37:01;HLA-C*04:01;HLA-C*06:02	not available	W6/32	no depletion	2	20120321_EXQ1_MiBa_SA_HCC1143_2	proteomic profiling by mass spectrometry	NT=Q Exactive;AC=MS:1001911	label free sample	NT=unspecific cleavage;AC=MS:1001956	NT=Acetyl;AC=UNIMOD:1;PP=Protein N-term;MT=Variable	NT=Oxidation;AC=UNIMOD:35;TA=M;MT=Variable	not applicable	not applicable	NT=Data-dependent acquisition;AC=PRIDE:0000627	NT=HCD;AC=MS:1000422	25 NCE	6 ppm	20 ppm	NT=orbitrap;AC=MS:1000484	300m/z-1650m/z	not applicable	2013-03-21	1	1	20120321_EXQ1_MiBa_SA_HCC1143_2.raw	v1.1.0	NT=ms-proteomics;VV=v1.1.0	NT=human;VV=v1.1.0	NT=cell-lines;VV=v1.1.0	NT=immunopeptidomics;VV=v1.0.0	NT=sdrf-skills;VV=v0.2.0	HCC1143
HLAp-HCC1143-3	Homo sapiens	breast	epithelial cell	breast ductal carcinoma	cell line	HCC1143	CVCL_1245	HCC1143	breast	Roswell Park Memorial Institute 1640 Medium	adult	52Y	female	European ancestry	not available	MHC class I protein complex	immunoaffinity purification (iodoacetamide)	HLA-A*31:01;HLA-B*35:08;HLA-B*37:01;HLA-C*04:01;HLA-C*06:02	not available	W6/32	no depletion	3	20120322_EXQ1_MiBa_SA_HCC1143_1_A	proteomic profiling by mass spectrometry	NT=Q Exactive;AC=MS:1001911	label free sample	NT=unspecific cleavage;AC=MS:1001956	NT=Acetyl;AC=UNIMOD:1;PP=Protein N-term;MT=Variable	NT=Oxidation;AC=UNIMOD:35;TA=M;MT=Variable	not applicable	not applicable	NT=Data-dependent acquisition;AC=PRIDE:0000627	NT=HCD;AC=MS:1000422	25 NCE	6 ppm	20 ppm	NT=orbitrap;AC=MS:1000484	300m/z-1650m/z	not applicable	2013-03-22	1	1	20120322_EXQ1_MiBa_SA_HCC1143_1_A.raw	v1.1.0	NT=ms-proteomics;VV=v1.1.0	NT=human;VV=v1.1.0	NT=cell-lines;VV=v1.1.0	NT=immunopeptidomics;VV=v1.0.0	NT=sdrf-skills;VV=v0.2.0	HCC1143
HLAp-HCC1937-1	Homo sapiens	breast	epithelial cell	breast ductal carcinoma	cell line	HCC1937	CVCL_0290	HCC1937	breast	Roswell Park Memorial Institute 1640 Medium	adult	24Y	female	European ancestry	not available	MHC class I protein complex	immunoaffinity purification (iodoacetamide)	HLA-A*23:01;HLA-A*24:02;HLA-B*07:02;HLA-B*40:01;HLA-C*03:04;HLA-C*07:02	not available	W6/32	no depletion	1	20120321_EXQ1_MiBa_SA_HCC1937_1	proteomic profiling by mass spectrometry	NT=Q Exactive;AC=MS:1001911	label free sample	NT=unspecific cleavage;AC=MS:1001956	NT=Acetyl;AC=UNIMOD:1;PP=Protein N-term;MT=Variable	NT=Oxidation;AC=UNIMOD:35;TA=M;MT=Variable	not applicable	not applicable	NT=Data-dependent acquisition;AC=PRIDE:0000627	NT=HCD;AC=MS:1000422	25 NCE	6 ppm	20 ppm	NT=orbitrap;AC=MS:1000484	300m/z-1650m/z	not applicable	2013-03-21	1	1	20120321_EXQ1_MiBa_SA_HCC1937_1.raw	v1.1.0	NT=ms-proteomics;VV=v1.1.0	NT=human;VV=v1.1.0	NT=cell-lines;VV=v1.1.0	NT=immunopeptidomics;VV=v1.0.0	NT=sdrf-skills;VV=v0.2.0	HCC1937
HLAp-HCC1937-2	Homo sapiens	breast	epithelial cell	breast ductal carcinoma	cell line	HCC1937	CVCL_0290	HCC1937	breast	Roswell Park Memorial Institute 1640 Medium	adult	24Y	female	European ancestry	not available	MHC class I protein complex	immunoaffinity purification (iodoacetamide)	HLA-A*23:01;HLA-A*24:02;HLA-B*07:02;HLA-B*40:01;HLA-C*03:04;HLA-C*07:02	not available	W6/32	no depletion	2	20120321_EXQ1_MiBa_SA_HCC1937_2	proteomic profiling by mass spectrometry	NT=Q Exactive;AC=MS:1001911	label free sample	NT=unspecific cleavage;AC=MS:1001956	NT=Acetyl;AC=UNIMOD:1;PP=Protein N-term;MT=Variable	NT=Oxidation;AC=UNIMOD:35;TA=M;MT=Variable	not applicable	not applicable	NT=Data-dependent acquisition;AC=PRIDE:0000627	NT=HCD;AC=MS:1000422	25 NCE	6 ppm	20 ppm	NT=orbitrap;AC=MS:1000484	300m/z-1650m/z	not applicable	2013-03-21	1	1	20120321_EXQ1_MiBa_SA_HCC1937_2.raw	v1.1.0	NT=ms-proteomics;VV=v1.1.0	NT=human;VV=v1.1.0	NT=cell-lines;VV=v1.1.0	NT=immunopeptidomics;VV=v1.0.0	NT=sdrf-skills;VV=v0.2.0	HCC1937
HLAp-HCC1937-3	Homo sapiens	breast	epithelial cell	breast ductal carcinoma	cell line	HCC1937	CVCL_0290	HCC1937	breast	Roswell Park Memorial Institute 1640 Medium	adult	24Y	female	European ancestry	not available	MHC class I protein complex	immunoaffinity purification (iodoacetamide)	HLA-A*23:01;HLA-A*24:02;HLA-B*07:02;HLA-B*40:01;HLA-C*03:04;HLA-C*07:02	not available	W6/32	no depletion	3	20120322_EXQ1_MiBa_SA_HCC1937_1_A	proteomic profiling by mass spectrometry	NT=Q Exactive;AC=MS:1001911	label free sample	NT=unspecific cleavage;AC=MS:1001956	NT=Acetyl;AC=UNIMOD:1;PP=Protein N-term;MT=Variable	NT=Oxidation;AC=UNIMOD:35;TA=M;MT=Variable	not applicable	not applicable	NT=Data-dependent acquisition;AC=PRIDE:0000627	NT=HCD;AC=MS:1000422	25 NCE	6 ppm	20 ppm	NT=orbitrap;AC=MS:1000484	300m/z-1650m/z	not applicable	2013-03-22	1	1	20120322_EXQ1_MiBa_SA_HCC1937_1_A.raw	v1.1.0	NT=ms-proteomics;VV=v1.1.0	NT=human;VV=v1.1.0	NT=cell-lines;VV=v1.1.0	NT=immunopeptidomics;VV=v1.0.0	NT=sdrf-skills;VV=v0.2.0	HCC1937
HLAp-HCC1937-4	Homo sapiens	breast	epithelial cell	breast ductal carcinoma	cell line	HCC1937	CVCL_0290	HCC1937	breast	Roswell Park Memorial Institute 1640 Medium	adult	24Y	female	European ancestry	not available	MHC class I protein complex	immunoaffinity purification (iodoacetamide)	HLA-A*23:01;HLA-A*24:02;HLA-B*07:02;HLA-B*40:01;HLA-C*03:04;HLA-C*07:02	not available	W6/32	no depletion	4	20120322_EXQ1_MiBa_SA_HCC1937_2_A	proteomic profiling by mass spectrometry	NT=Q Exactive;AC=MS:1001911	label free sample	NT=unspecific cleavage;AC=MS:1001956	NT=Acetyl;AC=UNIMOD:1;PP=Protein N-term;MT=Variable	NT=Oxidation;AC=UNIMOD:35;TA=M;MT=Variable	not applicable	not applicable	NT=Data-dependent acquisition;AC=PRIDE:0000627	NT=HCD;AC=MS:1000422	25 NCE	6 ppm	20 ppm	NT=orbitrap;AC=MS:1000484	300m/z-1650m/z	not applicable	2013-03-22	1	1	20120322_EXQ1_MiBa_SA_HCC1937_2_A.raw	v1.1.0	NT=ms-proteomics;VV=v1.1.0	NT=human;VV=v1.1.0	NT=cell-lines;VV=v1.1.0	NT=immunopeptidomics;VV=v1.0.0	NT=sdrf-skills;VV=v0.2.0	HCC1937
HLAp-HCT116-1	Homo sapiens	colon	epithelial cell	colon carcinoma	cell line	HCT116	CVCL_0291	HCT 116	colon	Dulbecco's Modified Eagle Medium	adult	48Y	male	European ancestry	not available	MHC class I protein complex	immunoaffinity purification (iodoacetamide)	HLA-A*01:01;HLA-A*02:01;HLA-B*18:01;HLA-B*45:01;HLA-C*05:01;HLA-C*07:01	not available	W6/32	no depletion	1	20120515_EXQ3_MiBa_SA_HCT116_mHLA-1	proteomic profiling by mass spectrometry	NT=Q Exactive;AC=MS:1001911	label free sample	NT=unspecific cleavage;AC=MS:1001956	NT=Acetyl;AC=UNIMOD:1;PP=Protein N-term;MT=Variable	NT=Oxidation;AC=UNIMOD:35;TA=M;MT=Variable	not applicable	not applicable	NT=Data-dependent acquisition;AC=PRIDE:0000627	NT=HCD;AC=MS:1000422	25 NCE	6 ppm	20 ppm	NT=orbitrap;AC=MS:1000484	300m/z-1650m/z	not applicable	2012-05-15	1	1	20120515_EXQ3_MiBa_SA_HCT116_mHLA-1.raw	v1.1.0	NT=ms-proteomics;VV=v1.1.0	NT=human;VV=v1.1.0	NT=cell-lines;VV=v1.1.0	NT=immunopeptidomics;VV=v1.0.0	NT=sdrf-skills;VV=v0.2.0	HCT116
HLAp-HCT116-2	Homo sapiens	colon	epithelial cell	colon carcinoma	cell line	HCT116	CVCL_0291	HCT 116	colon	Dulbecco's Modified Eagle Medium	adult	48Y	male	European ancestry	not available	MHC class I protein complex	immunoaffinity purification (iodoacetamide)	HLA-A*01:01;HLA-A*02:01;HLA-B*18:01;HLA-B*45:01;HLA-C*05:01;HLA-C*07:01	not available	W6/32	no depletion	2	20120518_EXQ0_MiBa_SA_HCT116_mHLA-2	proteomic profiling by mass spectrometry	NT=Q Exactive;AC=MS:1001911	label free sample	NT=unspecific cleavage;AC=MS:1001956	NT=Acetyl;AC=UNIMOD:1;PP=Protein N-term;MT=Variable	NT=Oxidation;AC=UNIMOD:35;TA=M;MT=Variable	not applicable	not applicable	NT=Data-dependent acquisition;AC=PRIDE:0000627	NT=HCD;AC=MS:1000422	25 NCE	6 ppm	20 ppm	NT=orbitrap;AC=MS:1000484	300m/z-1650m/z	not applicable	2012-05-18	1	1	20120518_EXQ0_MiBa_SA_HCT116_mHLA-2.raw	v1.1.0	NT=ms-proteomics;VV=v1.1.0	NT=human;VV=v1.1.0	NT=cell-lines;VV=v1.1.0	NT=immunopeptidomics;VV=v1.0.0	NT=sdrf-skills;VV=v0.2.0	HCT116
HLAp-HCT116-3	Homo sapiens	colon	epithelial cell	colon carcinoma	cell line	HCT116	CVCL_0291	HCT 116	colon	Dulbecco's Modified Eagle Medium	adult	48Y	male	European ancestry	not available	MHC class I protein complex	immunoaffinity purification (iodoacetamide)	HLA-A*01:01;HLA-A*02:01;HLA-B*18:01;HLA-B*45:01;HLA-C*05:01;HLA-C*07:01	not available	W6/32	no depletion	3	20120617_EXQ0_MiBa_SA_HCT116_1_mHLA_2hr	proteomic profiling by mass spectrometry	NT=Q Exactive;AC=MS:1001911	label free sample	NT=unspecific cleavage;AC=MS:1001956	NT=Acetyl;AC=UNIMOD:1;PP=Protein N-term;MT=Variable	NT=Oxidation;AC=UNIMOD:35;TA=M;MT=Variable	not applicable	not applicable	NT=Data-dependent acquisition;AC=PRIDE:0000627	NT=HCD;AC=MS:1000422	25 NCE	6 ppm	20 ppm	NT=orbitrap;AC=MS:1000484	300m/z-1650m/z	not applicable	2012-06-18	1	1	20120617_EXQ0_MiBa_SA_HCT116_1_mHLA_2hr.raw	v1.1.0	NT=ms-proteomics;VV=v1.1.0	NT=human;VV=v1.1.0	NT=cell-lines;VV=v1.1.0	NT=immunopeptidomics;VV=v1.0.0	NT=sdrf-skills;VV=v0.2.0	HCT116
HLAp-HCT116-4	Homo sapiens	colon	epithelial cell	colon carcinoma	cell line	HCT116	CVCL_0291	HCT 116	colon	Dulbecco's Modified Eagle Medium	adult	48Y	male	European ancestry	not available	MHC class I protein complex	immunoaffinity purification (iodoacetamide)	HLA-A*01:01;HLA-A*02:01;HLA-B*18:01;HLA-B*45:01;HLA-C*05:01;HLA-C*07:01	not available	W6/32	no depletion	4	20120619_EXQ6_MiBa_SA_HCT116_2_mHLA_2hr	proteomic profiling by mass spectrometry	NT=Q Exactive;AC=MS:1001911	label free sample	NT=unspecific cleavage;AC=MS:1001956	NT=Acetyl;AC=UNIMOD:1;PP=Protein N-term;MT=Variable	NT=Oxidation;AC=UNIMOD:35;TA=M;MT=Variable	not applicable	not applicable	NT=Data-dependent acquisition;AC=PRIDE:0000627	NT=HCD;AC=MS:1000422	25 NCE	6 ppm	20 ppm	NT=orbitrap;AC=MS:1000484	300m/z-1650m/z	not applicable	2012-06-20	1	1	20120619_EXQ6_MiBa_SA_HCT116_2_mHLA_2hr.raw	v1.1.0	NT=ms-proteomics;VV=v1.1.0	NT=human;VV=v1.1.0	NT=cell-lines;VV=v1.1.0	NT=immunopeptidomics;VV=v1.0.0	NT=sdrf-skills;VV=v0.2.0	HCT116
HLAp-JY-1	Homo sapiens	blood	B cell	normal	cell line	JY cell	CVCL_0108	JY	peripheral blood	Roswell Park Memorial Institute 1640 Medium	not available	not available	male	European ancestry	not available	MHC class I protein complex	immunoaffinity purification (iodoacetamide)	HLA-A*02:01;HLA-B*07:02;HLA-C*07:02	not available	W6/32	no depletion	1	20120403_EXQ1_MiBa_SA_JY_mHLA_19	proteomic profiling by mass spectrometry	NT=Q Exactive;AC=MS:1001911	label free sample	NT=unspecific cleavage;AC=MS:1001956	NT=Acetyl;AC=UNIMOD:1;PP=Protein N-term;MT=Variable	NT=Oxidation;AC=UNIMOD:35;TA=M;MT=Variable	not applicable	not applicable	NT=Data-dependent acquisition;AC=PRIDE:0000627	NT=HCD;AC=MS:1000422	25 NCE	6 ppm	20 ppm	NT=orbitrap;AC=MS:1000484	300m/z-1650m/z	not applicable	2012-04-05	1	1	20120403_EXQ1_MiBa_SA_JY_mHLA_19.raw	v1.1.0	NT=ms-proteomics;VV=v1.1.0	NT=human;VV=v1.1.0	NT=cell-lines;VV=v1.1.0	NT=immunopeptidomics;VV=v1.0.0	NT=sdrf-skills;VV=v0.2.0	JY cell
HLAp-JY-2	Homo sapiens	blood	B cell	normal	cell line	JY cell	CVCL_0108	JY	peripheral blood	Roswell Park Memorial Institute 1640 Medium	not available	not available	male	European ancestry	not available	MHC class I protein complex	immunoaffinity purification (iodoacetamide)	HLA-A*02:01;HLA-B*07:02;HLA-C*07:02	not available	W6/32	no depletion	2	20120411_EXQ1_MiBa_SA_JY_mHLA_5_15-10-250	proteomic profiling by mass spectrometry	NT=Q Exactive;AC=MS:1001911	label free sample	NT=unspecific cleavage;AC=MS:1001956	NT=Acetyl;AC=UNIMOD:1;PP=Protein N-term;MT=Variable	NT=Oxidation;AC=UNIMOD:35;TA=M;MT=Variable	not applicable	not applicable	NT=Data-dependent acquisition;AC=PRIDE:0000627	NT=HCD;AC=MS:1000422	25 NCE	6 ppm	20 ppm	NT=orbitrap;AC=MS:1000484	300m/z-1650m/z	not applicable	2012-04-12	1	1	20120411_EXQ1_MiBa_SA_JY_mHLA_5_15-10-250.raw	v1.1.0	NT=ms-proteomics;VV=v1.1.0	NT=human;VV=v1.1.0	NT=cell-lines;VV=v1.1.0	NT=immunopeptidomics;VV=v1.0.0	NT=sdrf-skills;VV=v0.2.0	JY cell
HLAp-JY-3	Homo sapiens	blood	B cell	normal	cell line	JY cell	CVCL_0108	JY	peripheral blood	Roswell Park Memorial Institute 1640 Medium	not available	not available	male	European ancestry	not available	MHC class I protein complex	immunoaffinity purification (iodoacetamide)	HLA-A*02:01;HLA-B*07:02;HLA-C*07:02	not available	W6/32	no depletion	3	20120411_EXQ1_MiBa_SA_JY_mHLA_15-10-250	proteomic profiling by mass spectrometry	NT=Q Exactive;AC=MS:1001911	label free sample	NT=unspecific cleavage;AC=MS:1001956	NT=Acetyl;AC=UNIMOD:1;PP=Protein N-term;MT=Variable	NT=Oxidation;AC=UNIMOD:35;TA=M;MT=Variable	not applicable	not applicable	NT=Data-dependent acquisition;AC=PRIDE:0000627	NT=HCD;AC=MS:1000422	25 NCE	6 ppm	20 ppm	NT=orbitrap;AC=MS:1000484	300m/z-1650m/z	not applicable	2012-04-12	1	1	20120411_EXQ1_MiBa_SA_JY_mHLA_15-10-250.raw	v1.1.0	NT=ms-proteomics;VV=v1.1.0	NT=human;VV=v1.1.0	NT=cell-lines;VV=v1.1.0	NT=immunopeptidomics;VV=v1.0.0	NT=sdrf-skills;VV=v0.2.0	JY cell
HLAp-SupB15RT-1	Homo sapiens	bone marrow	B cell	B-cell childhood acute lymphoblastic leukemia	cell line	SupB15RT	CVCL_DR65	SupB15RT	bone marrow	Roswell Park Memorial Institute 1640 Medium	not available	9Y	male	European ancestry	not available	MHC class I protein complex	immunoaffinity purification (iodoacetamide)	HLA-A*03;HLA-A*11;HLA-B*51;HLA-B*52;HLA-C*12:04;HLA-C*14:02	not available	W6/32	no depletion	1	20120726_EXQ1_MiBa_SA_SupB15-RT_mHLA-1	proteomic profiling by mass spectrometry	NT=Q Exactive;AC=MS:1001911	label free sample	NT=unspecific cleavage;AC=MS:1001956	NT=Acetyl;AC=UNIMOD:1;PP=Protein N-term;MT=Variable	NT=Oxidation;AC=UNIMOD:35;TA=M;MT=Variable	not applicable	not applicable	NT=Data-dependent acquisition;AC=PRIDE:0000627	NT=HCD;AC=MS:1000422	25 NCE	6 ppm	20 ppm	NT=orbitrap;AC=MS:1000484	300m/z-1650m/z	not applicable	2012-07-26	1	1	20120726_EXQ1_MiBa_SA_SupB15-RT_mHLA-1.raw	v1.1.0	NT=ms-proteomics;VV=v1.1.0	NT=human;VV=v1.1.0	NT=cell-lines;VV=v1.1.0	NT=immunopeptidomics;VV=v1.0.0	NT=sdrf-skills;VV=v0.2.0	SupB15RT
HLAp-SupB15RT-2	Homo sapiens	bone marrow	B cell	B-cell childhood acute lymphoblastic leukemia	cell line	SupB15RT	CVCL_DR65	SupB15RT	bone marrow	Roswell Park Memorial Institute 1640 Medium	not available	9Y	male	European ancestry	not available	MHC class I protein complex	immunoaffinity purification (iodoacetamide)	HLA-A*03;HLA-A*11;HLA-B*51;HLA-B*52;HLA-C*12:04;HLA-C*14:02	not available	W6/32	no depletion	2	20120726_EXQ1_MiBa_SA_SupB15-RT_mHLA-3	proteomic profiling by mass spectrometry	NT=Q Exactive;AC=MS:1001911	label free sample	NT=unspecific cleavage;AC=MS:1001956	NT=Acetyl;AC=UNIMOD:1;PP=Protein N-term;MT=Variable	NT=Oxidation;AC=UNIMOD:35;TA=M;MT=Variable	not applicable	not applicable	NT=Data-dependent acquisition;AC=PRIDE:0000627	NT=HCD;AC=MS:1000422	25 NCE	6 ppm	20 ppm	NT=orbitrap;AC=MS:1000484	300m/z-1650m/z	not applicable	2012-07-27	1	1	20120726_EXQ1_MiBa_SA_SupB15-RT_mHLA-3.raw	v1.1.0	NT=ms-proteomics;VV=v1.1.0	NT=human;VV=v1.1.0	NT=cell-lines;VV=v1.1.0	NT=immunopeptidomics;VV=v1.0.0	NT=sdrf-skills;VV=v0.2.0	SupB15RT
HLAp-SupB15RT-3	Homo sapiens	bone marrow	B cell	B-cell childhood acute lymphoblastic leukemia	cell line	SupB15RT	CVCL_DR65	SupB15RT	bone marrow	Roswell Park Memorial Institute 1640 Medium	not available	9Y	male	European ancestry	not available	MHC class I protein complex	immunoaffinity purification (iodoacetamide)	HLA-A*03;HLA-A*11;HLA-B*51;HLA-B*52;HLA-C*12:04;HLA-C*14:02	not available	W6/32	no depletion	3	20120726_EXQ1_MiBa_SA_SupB15-RT_mHLA-4	proteomic profiling by mass spectrometry	NT=Q Exactive;AC=MS:1001911	label free sample	NT=unspecific cleavage;AC=MS:1001956	NT=Acetyl;AC=UNIMOD:1;PP=Protein N-term;MT=Variable	NT=Oxidation;AC=UNIMOD:35;TA=M;MT=Variable	not applicable	not applicable	NT=Data-dependent acquisition;AC=PRIDE:0000627	NT=HCD;AC=MS:1000422	25 NCE	6 ppm	20 ppm	NT=orbitrap;AC=MS:1000484	300m/z-1650m/z	not applicable	2012-07-27	1	1	20120726_EXQ1_MiBa_SA_SupB15-RT_mHLA-4.raw	v1.1.0	NT=ms-proteomics;VV=v1.1.0	NT=human;VV=v1.1.0	NT=cell-lines;VV=v1.1.0	NT=immunopeptidomics;VV=v1.0.0	NT=sdrf-skills;VV=v0.2.0	SupB15RT
HLAp-SupB15RT-4	Homo sapiens	bone marrow	B cell	B-cell childhood acute lymphoblastic leukemia	cell line	SupB15RT	CVCL_DR65	SupB15RT	bone marrow	Roswell Park Memorial Institute 1640 Medium	not available	9Y	male	European ancestry	not available	MHC class I protein complex	immunoaffinity purification (iodoacetamide)	HLA-A*03;HLA-A*11;HLA-B*51;HLA-B*52;HLA-C*12:04;HLA-C*14:02	not available	W6/32	no depletion	4	20120726_EXQ1_MiBa_SA_SupB15-RT_mHLA-5	proteomic profiling by mass spectrometry	NT=Q Exactive;AC=MS:1001911	label free sample	NT=unspecific cleavage;AC=MS:1001956	NT=Acetyl;AC=UNIMOD:1;PP=Protein N-term;MT=Variable	NT=Oxidation;AC=UNIMOD:35;TA=M;MT=Variable	not applicable	not applicable	NT=Data-dependent acquisition;AC=PRIDE:0000627	NT=HCD;AC=MS:1000422	25 NCE	6 ppm	20 ppm	NT=orbitrap;AC=MS:1000484	300m/z-1650m/z	not applicable	2012-07-27	1	1	20120726_EXQ1_MiBa_SA_SupB15-RT_mHLA-5.raw	v1.1.0	NT=ms-proteomics;VV=v1.1.0	NT=human;VV=v1.1.0	NT=cell-lines;VV=v1.1.0	NT=immunopeptidomics;VV=v1.0.0	NT=sdrf-skills;VV=v0.2.0	SupB15RT
HLAp-SupB15WT-1	Homo sapiens	bone marrow	B cell	B-cell childhood acute lymphoblastic leukemia	cell line	SUP-B15	CVCL_0103	SUP-B15	bone marrow	Roswell Park Memorial Institute 1640 Medium	not available	9Y	male	European ancestry	not available	MHC class I protein complex	immunoaffinity purification (iodoacetamide)	HLA-A*03;HLA-A*11;HLA-B*51;HLA-B*52;HLA-C*12:04;HLA-C*14:02	not available	W6/32	no depletion	1	20120726_EXQ1_MiBa_SA_SupB15-WT_mHLA-2	proteomic profiling by mass spectrometry	NT=Q Exactive;AC=MS:1001911	label free sample	NT=unspecific cleavage;AC=MS:1001956	NT=Acetyl;AC=UNIMOD:1;PP=Protein N-term;MT=Variable	NT=Oxidation;AC=UNIMOD:35;TA=M;MT=Variable	not applicable	not applicable	NT=Data-dependent acquisition;AC=PRIDE:0000627	NT=HCD;AC=MS:1000422	25 NCE	6 ppm	20 ppm	NT=orbitrap;AC=MS:1000484	300m/z-1650m/z	not applicable	2012-07-27	1	1	20120726_EXQ1_MiBa_SA_SupB15-WT_mHLA-2.raw	v1.1.0	NT=ms-proteomics;VV=v1.1.0	NT=human;VV=v1.1.0	NT=cell-lines;VV=v1.1.0	NT=immunopeptidomics;VV=v1.0.0	NT=sdrf-skills;VV=v0.2.0	SUP-B15
HLAp-SupB15WT-2	Homo sapiens	bone marrow	B cell	B-cell childhood acute lymphoblastic leukemia	cell line	SUP-B15	CVCL_0103	SUP-B15	bone marrow	Roswell Park Memorial Institute 1640 Medium	not available	9Y	male	European ancestry	not available	MHC class I protein complex	immunoaffinity purification (iodoacetamide)	HLA-A*03;HLA-A*11;HLA-B*51;HLA-B*52;HLA-C*12:04;HLA-C*14:02	not available	W6/32	no depletion	2	20120726_EXQ1_MiBa_SA_SupB15-WT_mHLA-3	proteomic profiling by mass spectrometry	NT=Q Exactive;AC=MS:1001911	label free sample	NT=unspecific cleavage;AC=MS:1001956	NT=Acetyl;AC=UNIMOD:1;PP=Protein N-term;MT=Variable	NT=Oxidation;AC=UNIMOD:35;TA=M;MT=Variable	not applicable	not applicable	NT=Data-dependent acquisition;AC=PRIDE:0000627	NT=HCD;AC=MS:1000422	25 NCE	6 ppm	20 ppm	NT=orbitrap;AC=MS:1000484	300m/z-1650m/z	not applicable	2012-07-27	1	1	20120726_EXQ1_MiBa_SA_SupB15-WT_mHLA-3.raw	v1.1.0	NT=ms-proteomics;VV=v1.1.0	NT=human;VV=v1.1.0	NT=cell-lines;VV=v1.1.0	NT=immunopeptidomics;VV=v1.0.0	NT=sdrf-skills;VV=v0.2.0	SUP-B15
HLAp-SupB15WT-3	Homo sapiens	bone marrow	B cell	B-cell childhood acute lymphoblastic leukemia	cell line	SUP-B15	CVCL_0103	SUP-B15	bone marrow	Roswell Park Memorial Institute 1640 Medium	not available	9Y	male	European ancestry	not available	MHC class I protein complex	immunoaffinity purification (iodoacetamide)	HLA-A*03;HLA-A*11;HLA-B*51;HLA-B*52;HLA-C*12:04;HLA-C*14:02	not available	W6/32	no depletion	3	20120726_EXQ1_MiBa_SA_SupB15-WT_mHLA-4	proteomic profiling by mass spectrometry	NT=Q Exactive;AC=MS:1001911	label free sample	NT=unspecific cleavage;AC=MS:1001956	NT=Acetyl;AC=UNIMOD:1;PP=Protein N-term;MT=Variable	NT=Oxidation;AC=UNIMOD:35;TA=M;MT=Variable	not applicable	not applicable	NT=Data-dependent acquisition;AC=PRIDE:0000627	NT=HCD;AC=MS:1000422	25 NCE	6 ppm	20 ppm	NT=orbitrap;AC=MS:1000484	300m/z-1650m/z	not applicable	2012-07-27	1	1	20120726_EXQ1_MiBa_SA_SupB15-WT_mHLA-4.raw	v1.1.0	NT=ms-proteomics;VV=v1.1.0	NT=human;VV=v1.1.0	NT=cell-lines;VV=v1.1.0	NT=immunopeptidomics;VV=v1.0.0	NT=sdrf-skills;VV=v0.2.0	SUP-B15
HLAp-SupB15WT-4	Homo sapiens	bone marrow	B cell	B-cell childhood acute lymphoblastic leukemia	cell line	SUP-B15	CVCL_0103	SUP-B15	bone marrow	Roswell Park Memorial Institute 1640 Medium	not available	9Y	male	European ancestry	not available	MHC class I protein complex	immunoaffinity purification (iodoacetamide)	HLA-A*03;HLA-A*11;HLA-B*51;HLA-B*52;HLA-C*12:04;HLA-C*14:02	not available	W6/32	no depletion	4	20120726_EXQ1_MiBa_SA_SupB15-WT_mHLA-5	proteomic profiling by mass spectrometry	NT=Q Exactive;AC=MS:1001911	label free sample	NT=unspecific cleavage;AC=MS:1001956	NT=Acetyl;AC=UNIMOD:1;PP=Protein N-term;MT=Variable	NT=Oxidation;AC=UNIMOD:35;TA=M;MT=Variable	not applicable	not applicable	NT=Data-dependent acquisition;AC=PRIDE:0000627	NT=HCD;AC=MS:1000422	25 NCE	6 ppm	20 ppm	NT=orbitrap;AC=MS:1000484	300m/z-1650m/z	not applicable	2012-07-27	1	1	20120726_EXQ1_MiBa_SA_SupB15-WT_mHLA-5.raw	v1.1.0	NT=ms-proteomics;VV=v1.1.0	NT=human;VV=v1.1.0	NT=cell-lines;VV=v1.1.0	NT=immunopeptidomics;VV=v1.0.0	NT=sdrf-skills;VV=v0.2.0	SUP-B15
